sentiment_bucket,trades,realized_trades,gross_pnl,net_pnl,avg_trade_size_usd,median_trade_size_usd,exposure_proxy,realized_win_rate
Fear,83237,40214,4096265.690132,3979920.1075184583,7182.011019498541,749.4,100.0,0.8442333515691053
Greed,90295,46029,4865300.583624,4775171.226179682,4574.424489617366,552.2,54.63239421611337,0.8245236698603055
Neutral,37686,18159,1292920.67555,1253546.4072461291,4782.732661465797,547.655,86.84650648464164,0.8238889806707418
